user_id,email,full_name,home_stop,travel_profile,registration_date
1,uma.wilson1@example.com,Uma Wilson,Airport Station,occasional,2026-02-18
2,henry.taylor2@example.com,Henry Taylor,Harbor,commuter,2025-02-18
3,chris.hill3@example.com,Chris Hill,Downtown Terminal,occasional,2026-01-17
4,alice.brown4@example.com,Alice Brown,City Center,commuter,2025-11-11
5,alice.hill5@example.com,Alice Hill,Harbor,occasional,2025-11-21
6,rachel.king6@example.com,Rachel King,University,frequent,2025-11-10
7,zoe.smith7@example.com,Zoe Smith,Harbor,occasional,2025-02-07
8,noah.allen8@example.com,Noah Allen,University,commuter,2025-10-11
9,david.brown9@example.com,David Brown,University,commuter,2025-08-20
10,tara.hall10@example.com,Tara Hall,Bus Depot,commuter,2025-01-13
11,rachel.wilson11@example.com,Rachel Wilson,University,commuter,2025-08-21
12,aaron.carter12@example.com,Aaron Carter,City Center,rare,2024-12-04
13,grace.brown13@example.com,Grace Brown,University,occasional,2026-02-07
14,carol.lewis14@example.com,Carol Lewis,University,commuter,2024-12-14
15,olivia.wright15@example.com,Olivia Wright,Airport Station,frequent,2025-12-09
16,victor.hall16@example.com,Victor Hall,Harbor,rare,2025-03-08
17,carol.carter17@example.com,Carol Carter,Harbor,commuter,2025-04-11
18,henry.davis18@example.com,Henry Davis,Harbor,frequent,2025-07-09
19,wendy.hill19@example.com,Wendy Hill,Downtown Terminal,occasional,2025-11-10
20,henry.jones20@example.com,Henry Jones,University,frequent,2025-01-14
21,carol.clark21@example.com,Carol Clark,Harbor,rare,2024-11-20
22,karen.clark22@example.com,Karen Clark,Harbor,frequent,2025-04-01
23,olivia.taylor23@example.com,Olivia Taylor,Harbor,commuter,2025-10-18
24,rachel.hill24@example.com,Rachel Hill,Bus Depot,occasional,2025-10-19
25,chris.nelson25@example.com,Chris Nelson,Airport Station,frequent,2025-08-10
26,quinn.adams26@example.com,Quinn Adams,Downtown Terminal,occasional,2026-01-15
27,emma.davis27@example.com,Emma Davis,City Center,occasional,2025-01-21
28,carol.scott28@example.com,Carol Scott,Bus Depot,occasional,2025-08-19
29,quinn.hall29@example.com,Quinn Hall,Downtown Terminal,rare,2025-05-23
30,victor.wilson30@example.com,Victor Wilson,University,rare,2025-03-18
31,yara.allen31@example.com,Yara Allen,Airport Station,frequent,2026-01-04
32,olivia.smith32@example.com,Olivia Smith,University,rare,2025-02-26
33,quinn.davis33@example.com,Quinn Davis,Harbor,rare,2025-06-16
34,james.baker34@example.com,James Baker,University,commuter,2025-04-25
35,yara.davis35@example.com,Yara Davis,City Center,rare,2025-05-30
36,diana.smith36@example.com,Diana Smith,Downtown Terminal,frequent,2025-04-30
37,david.wright37@example.com,David Wright,University,rare,2024-12-08
38,henry.jones38@example.com,Henry Jones,Downtown Terminal,rare,2025-10-30
39,carol.adams39@example.com,Carol Adams,City Center,commuter,2025-01-09
40,yara.taylor40@example.com,Yara Taylor,City Center,occasional,2025-12-27
41,frank.hall41@example.com,Frank Hall,Bus Depot,rare,2025-06-05
42,grace.hill42@example.com,Grace Hill,Airport Station,occasional,2025-02-09
43,wendy.young43@example.com,Wendy Young,Harbor,rare,2025-08-10
44,leo.green44@example.com,Leo Green,Downtown Terminal,frequent,2024-11-27
45,henry.lewis45@example.com,Henry Lewis,City Center,frequent,2026-01-29
46,rachel.lewis46@example.com,Rachel Lewis,Downtown Terminal,commuter,2025-05-05
47,wendy.jones47@example.com,Wendy Jones,Downtown Terminal,commuter,2025-11-05
48,beth.allen48@example.com,Beth Allen,University,frequent,2026-01-25
49,victor.adams49@example.com,Victor Adams,Harbor,frequent,2025-11-13
50,diana.nelson50@example.com,Diana Nelson,Bus Depot,frequent,2025-05-11
51,zoe.king51@example.com,Zoe King,Harbor,commuter,2025-11-25
52,noah.wright52@example.com,Noah Wright,Harbor,frequent,2025-07-29
53,bob.wilson53@example.com,Bob Wilson,University,frequent,2026-01-30
54,zoe.wilson54@example.com,Zoe Wilson,City Center,commuter,2025-10-26
55,olivia.taylor55@example.com,Olivia Taylor,Bus Depot,commuter,2025-07-29
56,henry.brown56@example.com,Henry Brown,City Center,occasional,2025-07-19
57,david.jones57@example.com,David Jones,Downtown Terminal,rare,2025-04-03
58,carol.lewis58@example.com,Carol Lewis,Bus Depot,frequent,2025-12-07
59,grace.scott59@example.com,Grace Scott,Bus Depot,commuter,2024-11-25
60,alice.scott60@example.com,Alice Scott,Bus Depot,rare,2025-10-18
61,james.king61@example.com,James King,City Center,rare,2025-03-11
62,victor.adams62@example.com,Victor Adams,Airport Station,commuter,2025-12-13
63,bob.nelson63@example.com,Bob Nelson,Harbor,frequent,2025-02-19
64,karen.jones64@example.com,Karen Jones,City Center,occasional,2026-02-05
65,diana.baker65@example.com,Diana Baker,City Center,commuter,2025-12-12
66,carol.davis66@example.com,Carol Davis,Harbor,occasional,2026-01-26
67,beth.lewis67@example.com,Beth Lewis,City Center,commuter,2025-08-08
68,henry.nelson68@example.com,Henry Nelson,Downtown Terminal,commuter,2025-05-02
69,noah.nelson69@example.com,Noah Nelson,University,frequent,2025-05-17
70,grace.allen70@example.com,Grace Allen,Airport Station,frequent,2025-10-31
71,victor.young71@example.com,Victor Young,Downtown Terminal,frequent,2025-07-11
72,alice.green72@example.com,Alice Green,Downtown Terminal,rare,2025-04-18
73,carol.hill73@example.com,Carol Hill,Airport Station,frequent,2025-11-13
74,diana.wright74@example.com,Diana Wright,Airport Station,commuter,2024-12-06
75,leo.young75@example.com,Leo Young,City Center,frequent,2025-12-12
76,wendy.young76@example.com,Wendy Young,Harbor,rare,2025-04-23
77,quinn.smith77@example.com,Quinn Smith,University,occasional,2025-03-26
78,diana.wilson78@example.com,Diana Wilson,Downtown Terminal,commuter,2024-12-08
79,chris.wilson79@example.com,Chris Wilson,University,occasional,2025-02-15
80,james.carter80@example.com,James Carter,Airport Station,occasional,2025-11-15
81,victor.hall81@example.com,Victor Hall,Downtown Terminal,frequent,2025-06-17
82,carol.king82@example.com,Carol King,Downtown Terminal,frequent,2025-01-02
83,karen.taylor83@example.com,Karen Taylor,Airport Station,rare,2025-04-10
84,xander.green84@example.com,Xander Green,City Center,occasional,2025-05-24
85,alice.wilson85@example.com,Alice Wilson,Harbor,rare,2026-01-23
86,chris.taylor86@example.com,Chris Taylor,University,commuter,2025-05-27
87,sam.hill87@example.com,Sam Hill,Downtown Terminal,frequent,2025-12-17
88,james.wright88@example.com,James Wright,Downtown Terminal,rare,2024-11-27
89,chris.wright89@example.com,Chris Wright,Harbor,occasional,2025-11-15
90,david.wright90@example.com,David Wright,Bus Depot,occasional,2025-01-27
91,tara.taylor91@example.com,Tara Taylor,Airport Station,rare,2025-11-01
92,chris.king92@example.com,Chris King,University,commuter,2026-02-18
93,zoe.king93@example.com,Zoe King,Harbor,occasional,2025-01-16
94,zoe.lewis94@example.com,Zoe Lewis,Harbor,commuter,2025-10-17
95,david.scott95@example.com,David Scott,Bus Depot,commuter,2024-12-11
96,henry.clark96@example.com,Henry Clark,University,rare,2025-01-08
97,james.lewis97@example.com,James Lewis,Airport Station,commuter,2025-11-08
98,mia.allen98@example.com,Mia Allen,University,rare,2025-10-11
99,leo.baker99@example.com,Leo Baker,City Center,occasional,2025-08-10
100,karen.smith100@example.com,Karen Smith,University,rare,2026-01-02
101,frank.nelson101@example.com,Frank Nelson,City Center,commuter,2025-10-18
102,noah.wright102@example.com,Noah Wright,Bus Depot,occasional,2025-02-22
103,tara.baker103@example.com,Tara Baker,City Center,frequent,2026-01-02
104,grace.hall104@example.com,Grace Hall,Downtown Terminal,occasional,2026-02-08
105,quinn.hill105@example.com,Quinn Hill,Harbor,occasional,2025-03-16
106,xander.clark106@example.com,Xander Clark,Harbor,frequent,2025-08-28
107,diana.allen107@example.com,Diana Allen,Downtown Terminal,frequent,2025-04-17
108,xander.young108@example.com,Xander Young,Bus Depot,frequent,2025-06-16
109,karen.scott109@example.com,Karen Scott,Airport Station,frequent,2025-03-11
110,grace.king110@example.com,Grace King,Harbor,rare,2025-03-27
111,xander.davis111@example.com,Xander Davis,Bus Depot,occasional,2025-04-21
112,rachel.smith112@example.com,Rachel Smith,Bus Depot,frequent,2025-09-28
113,zoe.nelson113@example.com,Zoe Nelson,Bus Depot,occasional,2025-04-26
114,olivia.green114@example.com,Olivia Green,Bus Depot,commuter,2025-03-22
115,zoe.davis115@example.com,Zoe Davis,City Center,commuter,2025-03-30
116,victor.carter116@example.com,Victor Carter,Airport Station,commuter,2025-09-12
117,victor.young117@example.com,Victor Young,Airport Station,occasional,2025-11-07
118,alice.jones118@example.com,Alice Jones,City Center,rare,2025-10-28
119,beth.brown119@example.com,Beth Brown,Harbor,frequent,2025-07-12
120,sam.clark120@example.com,Sam Clark,Bus Depot,occasional,2025-02-28
121,mia.lewis121@example.com,Mia Lewis,Downtown Terminal,occasional,2025-12-17
122,chris.wilson122@example.com,Chris Wilson,Airport Station,frequent,2025-01-28
123,zoe.baker123@example.com,Zoe Baker,Airport Station,commuter,2025-07-08
124,diana.wilson124@example.com,Diana Wilson,Bus Depot,commuter,2025-07-12
125,victor.baker125@example.com,Victor Baker,Bus Depot,occasional,2025-05-20
126,tara.baker126@example.com,Tara Baker,City Center,occasional,2025-07-27
127,olivia.davis127@example.com,Olivia Davis,Bus Depot,rare,2025-02-15
128,irene.lewis128@example.com,Irene Lewis,City Center,occasional,2024-12-27
129,paul.lewis129@example.com,Paul Lewis,Harbor,frequent,2025-10-13
130,james.lewis130@example.com,James Lewis,City Center,frequent,2025-10-14
131,carol.taylor131@example.com,Carol Taylor,Harbor,commuter,2025-12-15
132,emma.clark132@example.com,Emma Clark,University,frequent,2026-01-29
133,rachel.green133@example.com,Rachel Green,Bus Depot,commuter,2025-08-02
134,mia.nelson134@example.com,Mia Nelson,City Center,commuter,2025-03-11
135,mia.adams135@example.com,Mia Adams,University,rare,2026-02-27
136,yara.scott136@example.com,Yara Scott,Bus Depot,rare,2024-12-21
137,rachel.hill137@example.com,Rachel Hill,Airport Station,occasional,2025-01-17
138,paul.lewis138@example.com,Paul Lewis,Downtown Terminal,frequent,2025-10-14
139,mia.allen139@example.com,Mia Allen,Bus Depot,occasional,2025-03-25
140,xander.davis140@example.com,Xander Davis,Airport Station,frequent,2024-12-27
141,tara.hill141@example.com,Tara Hill,City Center,rare,2026-02-17
142,sam.smith142@example.com,Sam Smith,Airport Station,occasional,2026-01-19
143,beth.green143@example.com,Beth Green,Bus Depot,commuter,2025-11-29
144,karen.clark144@example.com,Karen Clark,Bus Depot,frequent,2025-07-13
145,irene.king145@example.com,Irene King,Bus Depot,occasional,2025-10-24
146,alice.hill146@example.com,Alice Hill,University,rare,2026-02-04
147,henry.brown147@example.com,Henry Brown,Downtown Terminal,rare,2025-01-27
148,yara.smith148@example.com,Yara Smith,Downtown Terminal,commuter,2025-10-27
149,tara.taylor149@example.com,Tara Taylor,Harbor,commuter,2025-10-31
150,david.nelson150@example.com,David Nelson,University,frequent,2025-11-11
151,yara.wright151@example.com,Yara Wright,Harbor,occasional,2025-12-07
152,wendy.wilson152@example.com,Wendy Wilson,University,occasional,2025-01-28
153,david.nelson153@example.com,David Nelson,City Center,rare,2026-02-17
154,victor.scott154@example.com,Victor Scott,Airport Station,rare,2025-08-11
155,carol.nelson155@example.com,Carol Nelson,Airport Station,occasional,2025-03-14
156,david.young156@example.com,David Young,Downtown Terminal,occasional,2024-12-22
157,zoe.nelson157@example.com,Zoe Nelson,City Center,commuter,2025-01-26
158,noah.wright158@example.com,Noah Wright,University,frequent,2026-01-26
159,alice.king159@example.com,Alice King,Bus Depot,frequent,2025-01-05
160,leo.green160@example.com,Leo Green,Airport Station,commuter,2025-03-05
161,xander.baker161@example.com,Xander Baker,City Center,frequent,2025-04-03
162,yara.adams162@example.com,Yara Adams,Harbor,frequent,2025-07-07
163,sam.hall163@example.com,Sam Hall,Downtown Terminal,rare,2025-09-18
164,irene.green164@example.com,Irene Green,City Center,occasional,2025-10-29
165,tara.scott165@example.com,Tara Scott,University,commuter,2025-09-11
166,frank.adams166@example.com,Frank Adams,University,frequent,2025-11-14
167,karen.hall167@example.com,Karen Hall,University,occasional,2024-12-07
168,rachel.smith168@example.com,Rachel Smith,Downtown Terminal,rare,2025-06-11
169,henry.king169@example.com,Henry King,Airport Station,occasional,2025-06-25
170,wendy.adams170@example.com,Wendy Adams,Bus Depot,occasional,2025-04-06
171,zoe.smith171@example.com,Zoe Smith,Bus Depot,frequent,2026-01-14
172,wendy.lewis172@example.com,Wendy Lewis,University,occasional,2025-09-27
173,paul.hill173@example.com,Paul Hill,Harbor,frequent,2025-06-04
174,rachel.allen174@example.com,Rachel Allen,University,occasional,2025-09-03
175,james.hall175@example.com,James Hall,Airport Station,commuter,2025-11-04
176,karen.wilson176@example.com,Karen Wilson,Harbor,frequent,2025-02-15
177,frank.clark177@example.com,Frank Clark,University,occasional,2025-11-12
178,xander.nelson178@example.com,Xander Nelson,University,frequent,2025-02-06
179,david.clark179@example.com,David Clark,Airport Station,commuter,2025-10-02
180,james.smith180@example.com,James Smith,University,frequent,2025-03-05
181,bob.jones181@example.com,Bob Jones,Airport Station,frequent,2025-05-23
182,uma.adams182@example.com,Uma Adams,City Center,rare,2026-01-09
183,james.adams183@example.com,James Adams,Airport Station,frequent,2025-06-30
184,bob.hall184@example.com,Bob Hall,Downtown Terminal,frequent,2024-12-16
185,mia.adams185@example.com,Mia Adams,Harbor,occasional,2026-01-24
186,bob.taylor186@example.com,Bob Taylor,University,occasional,2025-12-16
187,carol.lewis187@example.com,Carol Lewis,Bus Depot,occasional,2026-01-01
188,tara.carter188@example.com,Tara Carter,City Center,occasional,2025-01-22
189,mia.green189@example.com,Mia Green,City Center,frequent,2024-11-22
190,noah.young190@example.com,Noah Young,City Center,occasional,2025-05-15
191,xander.wilson191@example.com,Xander Wilson,Airport Station,commuter,2025-02-05
192,irene.brown192@example.com,Irene Brown,City Center,commuter,2025-12-12
193,carol.davis193@example.com,Carol Davis,Harbor,frequent,2026-03-01
194,tara.adams194@example.com,Tara Adams,University,commuter,2025-10-04
195,wendy.young195@example.com,Wendy Young,Downtown Terminal,rare,2025-03-08
196,victor.lewis196@example.com,Victor Lewis,Harbor,occasional,2025-10-18
197,sam.clark197@example.com,Sam Clark,Airport Station,commuter,2025-07-28
198,uma.taylor198@example.com,Uma Taylor,Airport Station,frequent,2024-11-22
199,carol.jones199@example.com,Carol Jones,City Center,occasional,2025-12-08
200,xander.nelson200@example.com,Xander Nelson,Bus Depot,frequent,2025-10-06
201,wendy.young201@example.com,Wendy Young,University,frequent,2025-03-09
202,quinn.hill202@example.com,Quinn Hill,City Center,frequent,2025-06-23
203,bob.king203@example.com,Bob King,University,frequent,2025-02-19
204,alice.brown204@example.com,Alice Brown,City Center,rare,2025-11-05
205,sam.smith205@example.com,Sam Smith,University,occasional,2025-02-04
206,sam.jones206@example.com,Sam Jones,Bus Depot,occasional,2025-02-05
207,quinn.green207@example.com,Quinn Green,City Center,frequent,2024-11-18
208,noah.adams208@example.com,Noah Adams,Bus Depot,frequent,2026-01-15
209,karen.allen209@example.com,Karen Allen,Airport Station,commuter,2025-03-24
210,karen.king210@example.com,Karen King,Harbor,frequent,2025-03-12
211,mia.hill211@example.com,Mia Hill,University,frequent,2026-02-12
212,irene.allen212@example.com,Irene Allen,Bus Depot,rare,2026-01-02
213,beth.baker213@example.com,Beth Baker,Harbor,rare,2025-01-04
214,beth.hill214@example.com,Beth Hill,Airport Station,frequent,2025-07-09
215,quinn.wright215@example.com,Quinn Wright,Harbor,occasional,2025-04-18
216,olivia.jones216@example.com,Olivia Jones,Airport Station,frequent,2025-11-18
217,diana.young217@example.com,Diana Young,Bus Depot,rare,2025-07-21
218,david.smith218@example.com,David Smith,Airport Station,occasional,2025-04-14
219,wendy.davis219@example.com,Wendy Davis,City Center,occasional,2025-09-24
220,noah.brown220@example.com,Noah Brown,Downtown Terminal,rare,2025-11-07
221,olivia.wilson221@example.com,Olivia Wilson,Bus Depot,occasional,2025-04-05
222,diana.young222@example.com,Diana Young,Bus Depot,occasional,2025-06-15
223,aaron.adams223@example.com,Aaron Adams,City Center,commuter,2025-07-04
224,emma.scott224@example.com,Emma Scott,City Center,rare,2025-11-25
225,xander.taylor225@example.com,Xander Taylor,Bus Depot,commuter,2024-12-15
226,karen.baker226@example.com,Karen Baker,University,occasional,2025-10-17
227,xander.young227@example.com,Xander Young,Harbor,occasional,2024-12-29
228,paul.taylor228@example.com,Paul Taylor,University,frequent,2025-07-17
229,karen.hill229@example.com,Karen Hill,Bus Depot,frequent,2025-02-05
230,diana.allen230@example.com,Diana Allen,Harbor,commuter,2024-12-12
231,henry.nelson231@example.com,Henry Nelson,Bus Depot,commuter,2025-08-18
232,bob.allen232@example.com,Bob Allen,Bus Depot,frequent,2025-02-14
233,mia.taylor233@example.com,Mia Taylor,Airport Station,rare,2025-06-22
234,quinn.nelson234@example.com,Quinn Nelson,Bus Depot,rare,2025-09-14
235,david.baker235@example.com,David Baker,Harbor,frequent,2024-11-21
236,emma.king236@example.com,Emma King,Airport Station,occasional,2024-12-12
237,carol.adams237@example.com,Carol Adams,University,rare,2025-01-26
238,tara.scott238@example.com,Tara Scott,University,commuter,2025-04-04
239,beth.hill239@example.com,Beth Hill,Harbor,rare,2025-08-20
240,wendy.adams240@example.com,Wendy Adams,City Center,frequent,2024-12-11
241,carol.lewis241@example.com,Carol Lewis,University,occasional,2025-04-13
242,henry.brown242@example.com,Henry Brown,Harbor,rare,2025-07-23
243,wendy.wilson243@example.com,Wendy Wilson,University,commuter,2025-07-18
244,chris.smith244@example.com,Chris Smith,Downtown Terminal,frequent,2026-02-07
245,james.wright245@example.com,James Wright,Airport Station,frequent,2025-08-23
246,quinn.king246@example.com,Quinn King,Airport Station,occasional,2025-05-17
247,frank.davis247@example.com,Frank Davis,Bus Depot,occasional,2026-01-21
248,tara.lewis248@example.com,Tara Lewis,Airport Station,rare,2025-06-21
249,henry.green249@example.com,Henry Green,University,frequent,2025-04-10
250,victor.smith250@example.com,Victor Smith,University,occasional,2024-11-27
251,victor.hill251@example.com,Victor Hill,University,commuter,2025-12-12
252,sam.young252@example.com,Sam Young,Harbor,rare,2025-04-09
253,irene.green253@example.com,Irene Green,Bus Depot,frequent,2024-12-25
254,beth.adams254@example.com,Beth Adams,City Center,commuter,2026-01-07
255,leo.nelson255@example.com,Leo Nelson,University,rare,2025-10-02
256,alice.scott256@example.com,Alice Scott,Harbor,commuter,2025-10-13
257,yara.jones257@example.com,Yara Jones,Bus Depot,occasional,2024-11-21
258,aaron.young258@example.com,Aaron Young,City Center,occasional,2025-01-29
259,zoe.wright259@example.com,Zoe Wright,City Center,occasional,2025-11-10
260,irene.taylor260@example.com,Irene Taylor,Harbor,commuter,2025-04-15
261,uma.jones261@example.com,Uma Jones,Downtown Terminal,occasional,2025-09-25
262,sam.wright262@example.com,Sam Wright,University,commuter,2025-02-21
263,karen.king263@example.com,Karen King,City Center,commuter,2025-12-03
264,chris.wright264@example.com,Chris Wright,University,frequent,2025-06-04
265,aaron.davis265@example.com,Aaron Davis,Bus Depot,rare,2025-10-22
266,zoe.young266@example.com,Zoe Young,Downtown Terminal,rare,2025-02-13
267,olivia.brown267@example.com,Olivia Brown,Airport Station,occasional,2025-12-20
268,beth.scott268@example.com,Beth Scott,University,occasional,2024-12-24
269,carol.scott269@example.com,Carol Scott,Downtown Terminal,frequent,2026-02-23
270,olivia.wright270@example.com,Olivia Wright,University,occasional,2025-03-23
271,sam.scott271@example.com,Sam Scott,University,occasional,2025-01-05
272,david.lewis272@example.com,David Lewis,City Center,commuter,2025-07-04
273,karen.carter273@example.com,Karen Carter,Harbor,occasional,2025-11-09
274,aaron.green274@example.com,Aaron Green,Harbor,occasional,2024-11-22
275,noah.wilson275@example.com,Noah Wilson,Downtown Terminal,commuter,2025-12-21
276,james.adams276@example.com,James Adams,City Center,commuter,2026-01-02
277,emma.scott277@example.com,Emma Scott,Harbor,frequent,2025-07-13
278,wendy.hill278@example.com,Wendy Hill,Harbor,occasional,2025-07-31
279,emma.king279@example.com,Emma King,Bus Depot,commuter,2025-04-01
280,tara.king280@example.com,Tara King,University,commuter,2025-10-10
281,grace.green281@example.com,Grace Green,University,rare,2025-07-18
282,david.wright282@example.com,David Wright,Harbor,rare,2025-05-28
283,leo.jones283@example.com,Leo Jones,Downtown Terminal,frequent,2025-08-11
284,beth.green284@example.com,Beth Green,Harbor,occasional,2026-01-15
285,uma.carter285@example.com,Uma Carter,University,commuter,2026-02-20
286,henry.taylor286@example.com,Henry Taylor,Downtown Terminal,occasional,2025-01-24
287,aaron.hill287@example.com,Aaron Hill,Airport Station,occasional,2025-11-16
288,karen.taylor288@example.com,Karen Taylor,Downtown Terminal,rare,2025-01-23
289,irene.taylor289@example.com,Irene Taylor,Airport Station,frequent,2025-12-26
290,david.smith290@example.com,David Smith,Airport Station,commuter,2025-12-25
291,sam.allen291@example.com,Sam Allen,Downtown Terminal,commuter,2026-02-22
292,emma.king292@example.com,Emma King,Downtown Terminal,commuter,2025-06-06
293,paul.green293@example.com,Paul Green,City Center,frequent,2025-01-28
294,david.green294@example.com,David Green,City Center,commuter,2025-06-18
295,bob.baker295@example.com,Bob Baker,Downtown Terminal,frequent,2025-09-29
296,bob.adams296@example.com,Bob Adams,Harbor,frequent,2024-12-24
297,david.adams297@example.com,David Adams,Downtown Terminal,rare,2025-03-03
298,chris.brown298@example.com,Chris Brown,Downtown Terminal,occasional,2025-09-19
299,emma.hall299@example.com,Emma Hall,City Center,occasional,2025-04-17
300,wendy.allen300@example.com,Wendy Allen,City Center,rare,2025-08-19
